일련번호,공연제목,상세주소,공연이미지,등록일자
B046-7666,2025 HA HYUN SANG CONCERT 〈Navy Horizon〉,https://triple.global/en/ticket/places/25001009/products/25012030,https://www.ksponco.or.kr/olympicpark/galleryThumbView.es?bid=0043&list_no=7666,2025-08-27
B046-7665,2025-26 TREASURE TOUR［PULSE ON］IN SEOUL,https://triple.global/en/ticket/places/25001021/products/25012059,https://www.ksponco.or.kr/olympicpark/galleryThumbView.es?bid=0043&list_no=7665,2025-08-27
B046-7664,2025 QWER 1ST WORLDTOUR [ROCKATION],https://tkglobal.melon.com/performance/index.htm?langCd=EN&prodId=211886,https://www.ksponco.or.kr/olympicpark/galleryThumbView.es?bid=0043&list_no=7664,2025-08-27
B046-7663,2025 ZEROBASEONE WORLD TOUR ［HERE ＆ NOW］ IN SEOUL,https://triple.global/en/ticket/places/25000983/products/25011665,https://www.ksponco.or.kr/olympicpark/galleryThumbView.es?bid=0043&list_no=7663,2025-08-27
B046-7662,Gen Hoshino presents MAD HOPE Asia Tour in SEOUL,https://triple.global/en/ticket/places/25000666/products/25008238,https://www.ksponco.or.kr/olympicpark/galleryThumbView.es?bid=0043&list_no=7662,2025-08-27
B046-7661,2025 KEYLAND : Uncanny Valley,https://tkglobal.melon.com/performance/index.htm?langCd=EN&prodId=211687,https://www.ksponco.or.kr/olympicpark/galleryThumbView.es?bid=0043&list_no=7661,2025-08-27
B046-7660,크리스토퍼 내한공연 CHRISTOPHER LIVE IN SEOUL 2025,https://tkglobal.melon.com/performance/index.htm?langCd=EN&prodId=211558,https://www.ksponco.or.kr/olympicpark/galleryThumbView.es?bid=0043&list_no=7660,2025-08-27
B046-7659,Someday Festival 2025 - week 1,https://triple.global/en/ticket/places/25000994/products/25011833,https://www.ksponco.or.kr/olympicpark/galleryThumbView.es?bid=0043&list_no=7659,2025-08-27
B046-7658,Grand Mint Festival 2025,https://triple.global/en/ticket/places/23001015/products/25010143,https://www.ksponco.or.kr/olympicpark/galleryThumbView.es?bid=0043&list_no=7658,2025-08-27
B046-7645,"2025 IU FAN MEET-UP ［Bye, Summer］",https://tkglobal.melon.com/performance/index.htm?langCd=EN&prodId=211740,https://www.ksponco.or.kr/olympicpark/galleryThumbView.es?bid=0043&list_no=7645,2025-08-14
B046-7615,2025 TAEMIN FANMEETING [CLASS-MATE],https://ticket.yes24.com/Pages/English/Perf/FnPerfDeail.aspx?IdPerf=54677,https://www.ksponco.or.kr/olympicpark/galleryThumbView.es?bid=0043&list_no=7615,2025-07-28
B046-7609,2025 aespa LIVE TOUR - SYNK : aeXIS LINE -,https://tkglobal.melon.com/performance/index.htm?langCd=EN&prodId=211510,https://www.ksponco.or.kr/olympicpark/galleryThumbView.es?bid=0043&list_no=7609,2027-07-22
B046-7608,SUPER JUNIOR 20th Anniversary TOUR 〈SUPER SHOW 10〉 in SEOUL,https://tkglobal.melon.com/performance/index.htm?langCd=EN&prodId=211541,https://www.ksponco.or.kr/olympicpark/galleryThumbView.es?bid=0043&list_no=7608,2025-07-22
B046-7607,2025 NAM WOO HYUN CONCERT &lt;식목일5 - 나무高 :TREE HIGH SCHOOL&gt;,https://www.ticketlink.co.kr/global/en/product/57392,https://www.ksponco.or.kr/olympicpark/galleryThumbView.es?bid=0043&list_no=7607,2025-07-22
B046-7606,2025 PLAVE Asia Tour ［DASH: Quantum Leap］ in Seoul,https://triple.global/en/ticket/places/25000652/products/25007798,https://www.ksponco.or.kr/olympicpark/galleryThumbView.es?bid=0043&list_no=7606,2025-07-22
B046-7605,2025 KANGDANIEL CONCERT ［ACT : NEW EPISODE］,https://triple.global/en/ticket/places/25000730/products/25008954,https://www.ksponco.or.kr/olympicpark/galleryThumbView.es?bid=0043&list_no=7605,2025-07-22
B046-7604,2025 10CM 단독공연 〈5.0〉,https://triple.global/en/ticket/places/25000728/products/25008553,https://www.ksponco.or.kr/olympicpark/galleryThumbView.es?bid=0043&list_no=7604,2025-07-22
B046-7603,THE BOYZ〈THE BLAZE〉WORLD TOUR in SEOUL,https://ticket.yes24.com/Pages/English/Perf/FnPerfDeail.aspx?IdPerf=54365,https://www.ksponco.or.kr/olympicpark/galleryThumbView.es?bid=0043&list_no=7603,2025-07-22
B046-7602,2025 ONEW WORLD TOUR [ONEW THE LIVE : PERCENT (%)] IN SEOUL,https://tkglobal.melon.com/performance/index.htm?langCd=EN&prodId=211600,https://www.ksponco.or.kr/olympicpark/galleryThumbView.es?bid=0043&list_no=7602,2025-07-22
B046-7601,2025 WayV Concert Tour [NO Way OUT] in SEOUL,https://tkglobal.melon.com/performance/index.htm?langCd=EN&prodId=211505,https://www.ksponco.or.kr/olympicpark/galleryThumbView.es?bid=0043&list_no=7601,2025-07-22
B046-7600,https://triple.global/en/ticket/places/25000507/products/25006575,https://triple.global/en/ticket/places/25000507/products/25006575,https://www.ksponco.or.kr/olympicpark/galleryThumbView.es?bid=0043&list_no=7600,2025-07-21
B046-7599,https://www.ticketlink.co.kr/global/en/product/57359,https://www.ticketlink.co.kr/global/en/product/57359,https://www.ksponco.or.kr/olympicpark/galleryThumbView.es?bid=0043&list_no=7599,2025-07-21
B046-7596,https://www.ticketlink.co.kr/global/en/product/56356,https://www.ticketlink.co.kr/global/en/product/56356,https://www.ksponco.or.kr/olympicpark/galleryThumbView.es?bid=0043&list_no=7596,2025-07-11
B046-7580,2025 MONSTA X CONNECT X,https://tkglobal.melon.com/performance/index.htm?langCd=EN&prodId=211422,https://www.ksponco.or.kr/olympicpark/galleryThumbView.es?bid=0043&list_no=7580,2025-06-16
B046-7566,HIGHLIGHT LIVE 2025 [RIDE OR DIE],http://ticket.yes24.com/Pages/English/Perf/FnPerfDeail.aspx?IdPerf=53968,https://www.ksponco.or.kr/olympicpark/galleryThumbView.es?bid=0043&list_no=7566,2025-05-28
B046-7564,BOYNEXTDOOR TOUR ‘KNOCK ON Vol.1’ FINAL,https://triple.global/en/ticket/places/25000514/products/25006286,https://www.ksponco.or.kr/olympicpark/galleryThumbView.es?bid=0043&list_no=7564,2025-05-27
B046-7556,2025 RIIZE CONCERT TOUR [RIIZING LOUD] IN SEOUL,https://tkglobal.melon.com/performance/index.htm?langCd=EN&prodId=211408,https://www.ksponco.or.kr/olympicpark/galleryThumbView.es?bid=0043&list_no=7556,2025-05-19
B046-7555,2025 PALMTREE ISLAND 3rd GALA CONCERT,https://triple.global/en/ticket/places/25000529/products/25006943,https://www.ksponco.or.kr/olympicpark/galleryThumbView.es?bid=0043&list_no=7555,2025-05-19
B046-7544,[서울 앵콜] 2025 박지현 콘서트 쇼맨쉽 ‘SHOWMANSHIP’,http://ticket.yes24.com/Pages/English/Perf/FnPerfDeail.aspx?IdPerf=53784,https://www.ksponco.or.kr/olympicpark/galleryThumbView.es?bid=0043&list_no=7544,2025-05-09
B046-7542,2025 ILLIT GLITTER DAY IN SEOUL,https://www.globalinterpark.com/en/product/25004131?prdNo=25004131,https://www.ksponco.or.kr/olympicpark/galleryThumbView.es?bid=0043&list_no=7542,2025-05-02
B046-7541,2025 IRENE & SEULGI Concert Tour [ BALANCE ] in SEOUL,https://tkglobal.melon.com/performance/index.htm?langCd=EN&prodId=211290,https://www.ksponco.or.kr/olympicpark/galleryThumbView.es?bid=0043&list_no=7541,2025-05-02
B046-7540,Seoul Park Music Festival 2025,https://www.globalinterpark.com/en/product/25003438?prdNo=25003438,https://www.ksponco.or.kr/olympicpark/galleryThumbView.es?bid=0043&list_no=7540,2025-05-02
B046-7539,2025 BAEKHYUN WORLD TOUR 〈Reverie〉 in SEOUL,http://ticket.yes24.com/Pages/English/Perf/FnPerfDeail.aspx?IdPerf=53433,https://www.ksponco.or.kr/olympicpark/galleryThumbView.es?bid=0043&list_no=7539,2025-05-02
B046-7530,[서울] 2025 멜로망스 전국투어 콘서트 〈Romance Station〉,http://ticket.yes24.com/Pages/English/Perf/FnPerfDeail.aspx?IdPerf=53478,https://www.ksponco.or.kr/olympicpark/galleryThumbView.es?bid=0043&list_no=7530,2025-04-18
B046-7529,DAY6 3RD WORLD TOUR〈FOREVER YOUNG〉FINALE in SEOUL,http://ticket.yes24.com/Pages/English/Perf/FnPerfDeail.aspx?IdPerf=53177,https://www.ksponco.or.kr/olympicpark/galleryThumbView.es?bid=0043&list_no=7529,2025-04-18
B046-7523,2025 BIBI 1st WORLD TOUR ［EVE］ IN SEOUL,https://www.globalinterpark.com/en/product/25003191?prdNo=25003191,https://www.ksponco.or.kr/olympicpark/galleryThumbView.es?bid=0043&list_no=7523,2025-04-02
B046-7522,2025 N.Flying LIVE ‘＆CON4 : FULL CIRCLE’,https://www.globalinterpark.com/en/product/25004056?prdNo=25004056,https://www.ksponco.or.kr/olympicpark/galleryThumbView.es?bid=0043&list_no=7522,2025-04-02
B046-7521,Beautiful Mint Life 2025,https://www.globalinterpark.com/en/product/25002850?prdNo=25002850,https://www.ksponco.or.kr/olympicpark/galleryThumbView.es?bid=0043&list_no=7521,2025-04-02
B046-7520,2025 Jay Park World Tour [Serenades & Body Rolls],https://tkglobal.melon.com/performance/index.htm?langCd=EN&prodId=211189,https://www.ksponco.or.kr/olympicpark/galleryThumbView.es?bid=0043&list_no=7520,2025-04-02
B046-7519,2025 KAI SOLO CONCERT TOUR 〈KAION〉 IN SEOUL,https://tkglobal.melon.com/performance/index.htm?langCd=EN&prodId=211158,https://www.ksponco.or.kr/olympicpark/galleryThumbView.es?bid=0043&list_no=7519,2025-04-02
B046-7518,Xdinary Heroes〈Beautiful Mind〉World Tour in SEOUL,http://ticket.yes24.com/Pages/English/Perf/FnPerfDeail.aspx?IdPerf=53226,https://www.ksponco.or.kr/olympicpark/galleryThumbView.es?bid=0043&list_no=7518,2025-04-02
B046-7517,The 17TH SEOUL JAZZ FESTIVAL 2025,https://tkglobal.melon.com/performance/index.htm?langCd=EN&prodId=211080,https://www.ksponco.or.kr/olympicpark/galleryThumbView.es?bid=0043&list_no=7517,2025-04-02
B046-7510,SHINee WORLD Ⅶ [E.S.S.A.Y] (Every Stage Shines Around You),https://tkglobal.melon.com/performance/index.htm?langCd=EN&prodId=211159,https://www.ksponco.or.kr/olympicpark/galleryThumbView.es?bid=0043&list_no=7510,2025-03-25
B046-7509,DAESUNG 2025 ASIA TOUR：D’s WAVE IN SEOUL,https://www.globalinterpark.com/en/product/25004215?prdNo=25004215,https://www.ksponco.or.kr/olympicpark/galleryThumbView.es?bid=0043&list_no=7509,2025-03-25
B046-7508,2024-25 TAEMIN WORLD TOUR [Ephemeral Gaze] Finale,http://ticket.yes24.com/Pages/English/Perf/FnPerfDeail.aspx?IdPerf=52938,https://www.ksponco.or.kr/olympicpark/galleryThumbView.es?bid=0043&list_no=7508,2025-03-25
B046-7507,2025 OH MY GIRL CONCERT [Milky Way],http://ticket.yes24.com/Pages/English/Perf/FnPerfDeail.aspx?IdPerf=52941,https://www.ksponco.or.kr/olympicpark/galleryThumbView.es?bid=0043&list_no=7507,2025-03-18
B046-7504,YUURI ARENA LIVE 2025 at SEOUL,https://www.ticketlink.co.kr/global/en/product/53163,https://www.ksponco.or.kr/olympicpark/galleryThumbView.es?bid=0043&list_no=7504,2025-03-18
B046-7503,2025 ZEROBASEONE FAN-CON［BLUE MANSION］,https://www.globalinterpark.com/en/product/25003660?prdNo=25003660,https://www.ksponco.or.kr/olympicpark/galleryThumbView.es?bid=0043&list_no=7503,2025-03-18
B046-7502,Showmusical Again &lt; DreamHigh &gt;,https://www.ticketlink.co.kr/global/en/product/55136,https://www.ksponco.or.kr/olympicpark/galleryThumbView.es?bid=0043&list_no=7502,2025-03-18
B046-7483,2025 STAYC TOUR ‘STAY TUNED’,https://www.globalinterpark.com/en/product/25001343?prdNo=25001343,https://www.ksponco.or.kr/olympicpark/galleryThumbView.es?bid=0043&list_no=7483,2025-02-25
B046-7482,EUNHYUK LIVE TOUR 2025 -Limitless: Time- Special in SEOUL,http://ticket.yes24.com/Pages/English/Perf/FnPerfDeail.aspx?IdPerf=52758,https://www.ksponco.or.kr/olympicpark/galleryThumbView.es?bid=0043&list_no=7482,2025-02-25
B046-7481,"2025 BTOB FAN-CON ‘3,2,1 GO! MELympic’",https://www.globalinterpark.com/en/product/25002174?prdNo=25002174,https://www.ksponco.or.kr/olympicpark/galleryThumbView.es?bid=0043&list_no=7481,2025-02-25
B046-7467,2025 2NE1 CONCERT ［WELCOME BACK］ ENCORE IN SEOUL,https://www.globalinterpark.com/en/product/25001426?prdNo=25001426,https://www.ksponco.or.kr/olympicpark/galleryThumbView.es?bid=0043&list_no=7467,2025-02-04
B046-7466,2025 ATEEZ WORLD TOUR [TOWARDS THE LIGHT : WILL TO POWER] FINALE IN SEOUL,http://ticket.yes24.com/Pages/English/Perf/FnPerfDeail.aspx?IdPerf=52326,https://www.ksponco.or.kr/olympicpark/galleryThumbView.es?bid=0043&list_no=7466,2025-02-04
B046-7438,BoyWithUke BURNOUT WORLD TOUR 2025,https://tkglobal.melon.com/performance/index.htm?langCd=EN&prodId=210711,https://www.ksponco.or.kr/olympicpark/galleryThumbView.es?bid=0043&list_no=7438,2025-01-15
B046-7437,KEHLANI - CRASH WORLD TOUR in Seoul,https://www.globalinterpark.com/en/product/24016831?prdNo=24016831,https://www.ksponco.or.kr/olympicpark/galleryThumbView.es?bid=0043&list_no=7437,2025-01-15
B046-7436,keshi: REQUIEM TOUR IN SEOUL,https://www.globalinterpark.com/en/product/24015649?prdNo=24015649,https://www.ksponco.or.kr/olympicpark/galleryThumbView.es?bid=0043&list_no=7436,2025-01-15
B046-7435,2025 ONEW CONCERT [ONEW THE LIVE : CONNECTION] IN SEOUL,https://tkglobal.melon.com/performance/index.htm?langCd=EN&prodId=210876,https://www.ksponco.or.kr/olympicpark/galleryThumbView.es?bid=0043&list_no=7435,2025-01-15
B046-7434,2025 박지현 콘서트 쇼맨쉽 ‘SHOWMANSHIP’,http://ticket.yes24.com/Pages/English/Perf/FnPerfDeail.aspx?IdPerf=52272,https://www.ksponco.or.kr/olympicpark/galleryThumbView.es?bid=0043&list_no=7434,2025-01-15
B046-7433,2025 The Black Skirts Concert “SONGS TO BRING YOU HOME”,https://www.globalinterpark.com/en/product/25000084?prdNo=25000084,https://www.ksponco.or.kr/olympicpark/galleryThumbView.es?bid=0043&list_no=7433,2025-01-15
B046-7432,GFRIEND 10th Anniversary &lt; Season of Memories &gt;,https://www.ticketlink.co.kr/global/en/product/53578,https://www.ksponco.or.kr/olympicpark/galleryThumbView.es?bid=0043&list_no=7432,2025-01-15
B046-7431,2025 NCT WISH ASIA TOUR LOG in SEOUL,https://tkglobal.melon.com/performance/index.htm?langCd=EN&prodId=210865,https://www.ksponco.or.kr/olympicpark/galleryThumbView.es?bid=0043&list_no=7431,2025-01-15
B046-7430,2025 TWS 1ST FANMEETING 〈42:CLUB〉 IN SEOUL,https://www.globalinterpark.com/en/product/24018255?prdNo=24018255,https://www.ksponco.or.kr/olympicpark/galleryThumbView.es?bid=0043&list_no=7430,2025-01-15
B046-7429,2025 LEECHANGSUB SOLO CONCERT 〈The Wayfarer〉 ENCORE,https://www.globalinterpark.com/en/product/25000325?prdNo=25000325,https://www.ksponco.or.kr/olympicpark/galleryThumbView.es?bid=0043&list_no=7429,2025-01-15
B046-7428,2024-25 aespa LIVE TOUR－SYNK：PARALLEL LINE－ENCORE,https://tkglobal.melon.com/performance/index.htm?langCd=EN&prodId=210858,https://www.ksponco.or.kr/olympicpark/galleryThumbView.es?bid=0043&list_no=7428,2025-01-15
B046-7427,TAEYEON CONCERT - The TENSE,https://tkglobal.melon.com/performance/index.htm?langCd=EN&prodId=210868,https://www.ksponco.or.kr/olympicpark/galleryThumbView.es?bid=0043&list_no=7427,2025-01-15
B046-7426,j-hope Tour ‘HOPE ON THE STAGE’ in SEOUL,https://www.globalinterpark.com/en/product/25000014?prdNo=25000014,https://www.ksponco.or.kr/olympicpark/galleryThumbView.es?bid=0043&list_no=7426,2025-01-15
B046-7425,2025 YOUNHA ENCORE CONCERT 〈GROWTH THEORY : Final Edition〉,https://www.globalinterpark.com/en/product/25000432?prdNo=25000432,https://www.ksponco.or.kr/olympicpark/galleryThumbView.es?bid=0043&list_no=7425,2025-01-15
B046-7424,THE BOYZ FAN-CON 〈THE B LAND〉,https://www.globalinterpark.com/en/product/25000483?prdNo=25000483,https://www.ksponco.or.kr/olympicpark/galleryThumbView.es?bid=0043&list_no=7424,2025-01-15
B046-7417,2025 LEECHANGSUB SOLO CONCERT 〈The Wayfarer〉 ENCORE,https://tickets.interpark.com/goods/25000325,https://www.ksponco.or.kr/olympicpark/galleryThumbView.es?bid=0043&list_no=7417,2025-01-09
B046-7416,2024 YOUNGTAK CONCERT “TAK SHOW3” - ENCORE,https://www.globalinterpark.com/en/product/24018317?prdNo=24018317,https://www.ksponco.or.kr/olympicpark/galleryThumbView.es?bid=0043&list_no=7416,2025-01-09
B046-7415,2025 황영웅 앨범 발매 쇼케이스 PANORAMA : SHOWKING,http://ticket.yes24.com/Pages/English/Perf/FnPerfDeail.aspx?IdPerf=52121,https://www.ksponco.or.kr/olympicpark/galleryThumbView.es?bid=0043&list_no=7415,2025-01-09
B046-7414,TOUCHED Concert ‘HIGHLIGHT Ⅲ’,https://www.globalinterpark.com/en/product/24016171?prdNo=24016171,https://www.ksponco.or.kr/olympicpark/galleryThumbView.es?bid=0043&list_no=7414,2025-01-09
B046-7413,GFRIEND 10th Anniversary &lt; Season of Memories &gt;,https://www.ticketlink.co.kr/global/en/product/53578,https://www.ksponco.or.kr/olympicpark/galleryThumbView.es?bid=0043&list_no=7413,2025-01-09
B046-7412,2025 SUHO CONCERT 〈SU:HOMME〉 ENCORE,https://tkglobal.melon.com/performance/index.htm?langCd=EN&prodId=210741,https://www.ksponco.or.kr/olympicpark/galleryThumbView.es?bid=0043&list_no=7412,2025-01-09
B046-7411,I.M WORLD TOUR 〈Off The Beat〉 FINAL IN SEOUL,http://ticket.yes24.com/Pages/English/Perf/FnPerfDeail.aspx?IdPerf=51821,https://www.ksponco.or.kr/olympicpark/galleryThumbView.es?bid=0043&list_no=7411,2025-01-09
B046-7410,2025 BABYMONSTER 1st WORLD TOUR 〈HELLO MONSTERS〉 IN SEOUL,https://www.globalinterpark.com/en/product/24017335?prdNo=24017335,https://www.ksponco.or.kr/olympicpark/galleryThumbView.es?bid=0043&list_no=7410,2025-01-09
B046-7369,Live Nation Presents Benson Boone,https://www.globalinterpark.com/en/product/24015427?prdNo=24015427,https://www.ksponco.or.kr/olympicpark/galleryThumbView.es?bid=0043&list_no=7369,2024-11-26
B046-7368,2025 DAVICHI CONCERT 〈A Stitch in Time〉,https://tickets.interpark.com/goods/24016415,https://www.ksponco.or.kr/olympicpark/galleryThumbView.es?bid=0043&list_no=7368,2024-11-22
B046-7367,Road to Kingdom: ACE OF ACE Concert,https://www.globalinterpark.com/en/product/24015703?prdNo=24015703,https://www.ksponco.or.kr/olympicpark/galleryThumbView.es?bid=0043&list_no=7367,2024-11-22
B046-7366,김희재 콘서트 ‘HEERE WE GO’,http://ticket.yes24.com/Pages/English/Perf/FnPerfDeail.aspx?IdPerf=51722,https://www.ksponco.or.kr/olympicpark/galleryThumbView.es?bid=0043&list_no=7366,2024-11-22
B046-7347,KYUHYUN 10th Anniversary Asia Tour ［COLORS］ in SEOUL,https://www.globalinterpark.com/en/product/24015567?prdNo=24015567,https://www.ksponco.or.kr/olympicpark/galleryThumbView.es?bid=0043&list_no=7347,2024-11-11
B046-7346,2024 CRUSH CONCERT ［CRUSH HOUR : O］,https://www.globalinterpark.com/en/product/24015807?prdNo=24015807,https://www.ksponco.or.kr/olympicpark/galleryThumbView.es?bid=0043&list_no=7346,2024-11-11
B046-7336,J.Y. Park 30th Anniversary Concert 〈Still JYP〉,https://www.globalinterpark.com/en/product/24013506?prdNo=24013506,https://www.ksponco.or.kr/olympicpark/galleryThumbView.es?bid=0043&list_no=7336,2024-10-29
B046-7335,GUMMY Tour Concert 2024 〈LOVE〉-서울,https://www.globalinterpark.com/en/product/24013792?prdNo=24013792,https://www.ksponco.or.kr/olympicpark/galleryThumbView.es?bid=0043&list_no=7335,2024-10-29
B046-7334,2024 Dynamicduo Concert “In The Long Run” - Seoul,https://www.globalinterpark.com/en/product/24014696?prdNo=24014696,https://www.ksponco.or.kr/olympicpark/galleryThumbView.es?bid=0043&list_no=7334,2024-10-29
B046-7333,2024 KWON JIN AH Year-end Concert 〈This Winter〉,https://www.globalinterpark.com/en/product/24015671?prdNo=24015671,https://www.ksponco.or.kr/olympicpark/galleryThumbView.es?bid=0043&list_no=7333,2024-10-29
B046-7332,2024 ROYKIM CONCERT 〈R♥y actually〉,https://www.globalinterpark.com/en/product/24014448?prdNo=24014448,https://www.ksponco.or.kr/olympicpark/galleryThumbView.es?bid=0043&list_no=7332,2024-10-29
B046-7331,2024 Sung Si kyung Year-end Concert 〈SUNG SI KYUNG〉,https://www.globalinterpark.com/en/product/24015329?prdNo=24015329,https://www.ksponco.or.kr/olympicpark/galleryThumbView.es?bid=0043&list_no=7331,2024-10-29
B046-7330,[서울 앵콜] 2024 이찬원 콘서트 ‘ 찬가（燦歌）’,http://ticket.yes24.com/Pages/English/Perf/FnPerfDeail.aspx?IdPerf=51168,https://www.ksponco.or.kr/olympicpark/galleryThumbView.es?bid=0043&list_no=7330,2024-10-29
B046-7329,INFINITE 15TH ANNIVERSARY CONCERT : LIMITED EDITION,https://www.ticketlink.co.kr/global/en/product/52808,https://www.ksponco.or.kr/olympicpark/galleryThumbView.es?bid=0043&list_no=7329,2024-10-29
B046-7328,ZICO LIVE : JOIN THE PARADE,https://www.globalinterpark.com/en/product/24015300?prdNo=24015300,https://www.ksponco.or.kr/olympicpark/galleryThumbView.es?bid=0043&list_no=7328,2024-10-29
B046-7327,[SEOUL] 2024 JUKJAE TOUR 〈CLICHE〉,http://ticket.yes24.com/Pages/English/Perf/FnPerfDeail.aspx?IdPerf=51115,https://www.ksponco.or.kr/olympicpark/galleryThumbView.es?bid=0043&list_no=7327,2024-10-29
B046-7326,2024 HA HYUN SANG CONCERT 〈Elegy〉,https://www.globalinterpark.com/en/product/24013731?prdNo=24013731,https://www.ksponco.or.kr/olympicpark/galleryThumbView.es?bid=0043&list_no=7326,2024-10-29
B046-7325,Cho Yong-pil & TheGreatBirth Concert - Seoul: Celebrating the 20th Album Release,https://www.ticketlink.co.kr/global/en/product/52606,https://www.ksponco.or.kr/olympicpark/galleryThumbView.es?bid=0043&list_no=7325,2024-10-29
B046-7305,Xdinary Heroes Concert,http://ticket.yes24.com/New/Perf/Detail/DetailSpecial.aspx?IdPerf=51032,https://www.ksponco.or.kr/olympicpark/galleryThumbView.es?bid=0043&list_no=7305,2024-10-07
B046-7304,2024 YOUNHA Year-end CONCERT 〈GROWTH THEORY〉,https://www.globalinterpark.com/en/product/24013649?prdNo=24013649,https://www.ksponco.or.kr/olympicpark/galleryThumbView.es?bid=0043&list_no=7304,2024-10-07
B046-7303,JX 2024 CONCERT &lt; IDENTITY &gt; in Seoul,https://www.ticketlink.co.kr/global/en/product/52132,https://www.ksponco.or.kr/olympicpark/galleryThumbView.es?bid=0043&list_no=7303,2024-10-07
B046-7302,2024 DOYOUNG CONCERT［Dearest Youth，］,https://tkglobal.melon.com/performance/index.htm?langCd=EN&prodId=210341,https://www.ksponco.or.kr/olympicpark/galleryThumbView.es?bid=0043&list_no=7302,2024-10-07
B046-7301,2024 JAEHYUN FAN－CON 〈Mute〉,https://tkglobal.melon.com/performance/index.htm?langCd=EN&prodId=210441,https://www.ksponco.or.kr/olympicpark/galleryThumbView.es?bid=0043&list_no=7301,2024-10-07
B046-7291,The 6th SLOW LIFE SLOW LIVE 2024,http://ticket.yes24.com/Pages/English/Perf/FnPerfDeail.aspx?IdPerf=50886,https://www.ksponco.or.kr/olympicpark/galleryThumbView.es?bid=0043&list_no=7291,2024-09-13
B046-7290,2024 KISS OF LIFE 1ST WORLD TOUR ［KISS ROAD］ IN SEOUL,https://www.globalinterpark.com/en/product/24013254?prdNo=24013254,https://www.ksponco.or.kr/olympicpark/galleryThumbView.es?bid=0043&list_no=7290,2024-09-13
B046-7289,2024 songolmae Concert ‘Aspiration’ Second [Always-Spring],http://ticket.yes24.com/Pages/English/Perf/FnPerfDeail.aspx?IdPerf=50813,https://www.ksponco.or.kr/olympicpark/galleryThumbView.es?bid=0043&list_no=7289,2024-09-13
B046-7288,2024 ONEW FAN CONCERT ‘Hola！’,https://tkglobal.melon.com/performance/index.htm?langCd=EN&prodId=210310,https://www.ksponco.or.kr/olympicpark/galleryThumbView.es?bid=0043&list_no=7288,2024-09-13
B046-7287,TOMORROW X TOGETHER WORLD TOUR 〈ACT : PROMISE〉 ENCORE IN SEOUL,https://www.globalinterpark.com/en/product/24012385?prdNo=24012385,https://www.ksponco.or.kr/olympicpark/galleryThumbView.es?bid=0043&list_no=7287,2024-09-13
B046-7268,2024 아트 포레스트 페스티벌 ART FOR;REST FESTIVAL,https://www.globalinterpark.com/en/product/24010203?prdNo=24010203,https://www.ksponco.or.kr/olympicpark/galleryThumbView.es?bid=0043&list_no=7268,2024-08-19
B046-7267,2024 NAM WOO HYUN CONCERT &lt;식목일4 - TREEWORLD&gt;,https://www.ticketlink.co.kr/global/en/product/51557,https://www.ksponco.or.kr/olympicpark/galleryThumbView.es?bid=0043&list_no=7267,2024-08-19
B046-7261,GRAND MINT FESTIVAL 2024,https://www.globalinterpark.com/en/product/24011661?prdNo=24011661,https://www.ksponco.or.kr/olympicpark/galleryThumbView.es?bid=0043&list_no=7261,2024-08-14
B046-7260,2024 CRAVITY FAN－CON 〈BEYOND YOUR MEMORIES〉,https://tkglobal.melon.com/performance/index.htm?langCd=EN&prodId=210188,https://www.ksponco.or.kr/olympicpark/galleryThumbView.es?bid=0043&list_no=7260,2024-08-14
B046-7259,2024 SUPER JUNIOR-D&E WORLD TOUR：ECLIPSE,http://ticket.yes24.com/Pages/English/Perf/FnPerfDeail.aspx?IdPerf=50319,https://www.ksponco.or.kr/olympicpark/galleryThumbView.es?bid=0043&list_no=7259,2024-08-14
B046-7256,2024 2NE1 CONCERT ［WELCOME BACK］ IN SEOUL,https://www.globalinterpark.com/en/product/24011096?prdNo=24011096,https://www.ksponco.or.kr/olympicpark/galleryThumbView.es?bid=0043&list_no=7256,2024-08-09
B046-7255,BoA LIVE TOUR－BoA：One’s Own,https://tkglobal.melon.com/performance/index.htm?langCd=EN&prodId=210061,https://www.ksponco.or.kr/olympicpark/galleryThumbView.es?bid=0043&list_no=7255,2024-08-09
B046-7254,2024 CNBLUE LIVE－VOYAGE into X,https://tkglobal.melon.com/performance/index.htm?langCd=EN&prodId=210224,https://www.ksponco.or.kr/olympicpark/galleryThumbView.es?bid=0043&list_no=7254,2024-08-09
B046-7253,RESFFECT Festival 2024,https://www.globalinterpark.com/en/product/24007224?prdNo=24007224,https://www.ksponco.or.kr/olympicpark/galleryThumbView.es?bid=0043&list_no=7253,2024-08-06
B046-7252,Nile Rodgers ＆ CHIC Live in Seoul,https://www.globalinterpark.com/en/product/24010089?prdNo=24010089,https://www.ksponco.or.kr/olympicpark/galleryThumbView.es?bid=0043&list_no=7252,2024-08-06
B046-7251,AAA TOUR BY HYUKOH ＆ SUNSET ROLLERCOASTER,https://www.globalinterpark.com/en/product/24010289?prdNo=24010289,https://www.ksponco.or.kr/olympicpark/galleryThumbView.es?bid=0043&list_no=7251,2024-08-06
B046-7250,2024 KEYLAND ON：AND ON 〈＃〉,https://tkglobal.melon.com/performance/index.htm?langCd=EN&prodId=210185,https://www.ksponco.or.kr/olympicpark/galleryThumbView.es?bid=0043&list_no=7250,2024-08-06
B046-7249,dingo music concert 〈Killing Voice〉,https://www.globalinterpark.com/en/product/24010728?prdNo=24010728,https://www.ksponco.or.kr/olympicpark/galleryThumbView.es?bid=0043&list_no=7249,2024-08-06
B046-7248,god 2024 CONCERT 〈CHAPTER 0〉,https://www.globalinterpark.com/en/product/24010361?prdNo=24010361,https://www.ksponco.or.kr/olympicpark/galleryThumbView.es?bid=0043&list_no=7248,2024-08-06
B046-7247,2024 ZEROBASEONE THE FIRST TOUR ［TIMELESS WORLD］ IN SEOUL,https://www.globalinterpark.com/en/product/24010841?prdNo=24010841,https://www.ksponco.or.kr/olympicpark/galleryThumbView.es?bid=0043&list_no=7247,2024-08-06
B046-7246,2024 RIIZE FAN－CON ‘RIIZING DAY’ FINALE in SEOUL,https://tkglobal.melon.com/performance/index.htm?langCd=EN&prodId=210031,https://www.ksponco.or.kr/olympicpark/galleryThumbView.es?bid=0043&list_no=7246,2024-08-06
B046-7245,"2024 성시경 with friends ［자, 오늘은］",https://www.globalinterpark.com/en/product/24011164?prdNo=24011164,https://www.ksponco.or.kr/olympicpark/galleryThumbView.es?bid=0043&list_no=7245,2024-08-06
B046-7244,CHA EUN-WOO 2024 Just One 10 Minute ［Mystery Elevator］ Encore in Seoul,https://www.globalinterpark.com/en/product/24007152?prdNo=24007152,https://www.ksponco.or.kr/olympicpark/galleryThumbView.es?bid=0043&list_no=7244,2024-07-01
B046-7243,10CM 1st Fan Concert 〈10CM YOU〉,https://www.globalinterpark.com/en/product/24008197?prdNo=24008197,https://www.ksponco.or.kr/olympicpark/galleryThumbView.es?bid=0043&list_no=7243,2024-07-01
B046-7242,"2024 Red Velvet FANCON TOUR &lt;HAPPINESS : My Dear, ReVe1uv&gt; in SEOUL",https://tkglobal.melon.com/performance/index.htm?langCd=EN&prodId=210009,https://www.ksponco.or.kr/olympicpark/galleryThumbView.es?bid=0043&list_no=7242,2024-08-01
B046-7241,2024 (G)I-DLE WORLD TOUR [iDOL] IN SEOUL,https://tkglobal.melon.com/performance/index.htm?langCd=EN&prodId=209948,https://www.ksponco.or.kr/olympicpark/galleryThumbView.es?bid=0043&list_no=7241,2024-08-01
B046-7240,DPR SEOUL CONCERT 2024 ［The Dream Reborn Tour］,https://www.globalinterpark.com/en/product/24007989?prdNo=24007989,https://www.ksponco.or.kr/olympicpark/galleryThumbView.es?bid=0043&list_no=7240,2024-07-12
B046-7239,2024 SG Wannabe Concert : Our Song ENCORE,https://www.globalinterpark.com/en/product/24006691?prdNo=24006691,https://www.ksponco.or.kr/olympicpark/galleryThumbView.es?bid=0043&list_no=7239,2024-07-20
B046-7238,2024 Whee In 1ST WORLD TOUR：WHEE IN THE MOOD［BEYOND］ENCORE,https://tkglobal.melon.com/performance/index.htm?langCd=EN&prodId=209970,https://www.ksponco.or.kr/olympicpark/galleryThumbView.es?bid=0043&list_no=7238,2024-07-20
B046-7237,IVE THE 1ST WORLD TOUR ‘SHOW WHAT I HAVE’－ENCORE,https://tkglobal.melon.com/performance/index.htm?langCd=EN&prodId=209989,https://www.ksponco.or.kr/olympicpark/galleryThumbView.es?bid=0043&list_no=7237,2024-08-06
B046-7236,2024 PARK SEO JUN FANMEETING ‘SEO JUN TIME’,https://tkglobal.melon.com/performance/index.htm?langCd=EN&prodId=210011,https://www.ksponco.or.kr/olympicpark/galleryThumbView.es?bid=0043&list_no=7236,2024-08-06
B046-7235,2024 TREASURE RELAY TOUR [REBOOT] FINAL IN SEOUL,https://www.globalinterpark.com/en/product/24008528?prdNo=24008528,https://www.ksponco.or.kr/olympicpark/galleryThumbView.es?bid=0043&list_no=7235,2024-08-06
B046-7234,2024 LEE GIKWANG SOLO CONCERT ［OBSESSED］,https://www.globalinterpark.com/en/product/24009570?prdNo=24009570,https://www.ksponco.or.kr/olympicpark/galleryThumbView.es?bid=0043&list_no=7234,2024-08-06
B046-7233,LUCY 1st WORLD TOUR written by FLOWER ENCORE in SEOUL,https://www.globalinterpark.com/en/product/24010956?prdNo=24010956,https://www.ksponco.or.kr/olympicpark/galleryThumbView.es?bid=0043&list_no=7233,2024-08-06
B046-7232,Stray Kids World Tour〈dominATE SEOUL〉,http://ticket.yes24.com/Pages/English/Perf/FnPerfDeail.aspx?IdPerf=50301,https://www.ksponco.or.kr/olympicpark/galleryThumbView.es?bid=0043&list_no=7232,2024-08-06
B046-7231,TAEYANG 2024 TOUR ［THE LIGHT YEAR］ IN SEOUL,https://www.globalinterpark.com/en/product/24010220?prdNo=24010220,https://www.ksponco.or.kr/olympicpark/galleryThumbView.es?bid=0043&list_no=7231,2024-08-06
B046-7230,2024 BAEKHYUN ASIA TOUR ‘Lonsdaleite［dot］’,https://tkglobal.melon.com/performance/index.htm?langCd=EN&prodId=210013,https://www.ksponco.or.kr/olympicpark/galleryThumbView.es?bid=0043&list_no=7230,2024-07-20
B046-7038,2024 KEYLAND ON：AND ON,https://tkglobal.melon.com/performance/index.htm?langCd=EN&prodId=209247,https://www.ksponco.or.kr/olympicpark/galleryThumbView.es?bid=0043&list_no=7038,2023-12-20
B046-7029,10CM WINTER CONCERT ‘9+1’,https://www.globalinterpark.com/product/23015862?prdNo=23015862&lang=en,https://www.ksponco.or.kr/olympicpark/galleryThumbView.es?bid=0043&list_no=7029,2023-12-06
B046-7028,2024 KIM FEEL ENCORE CONCERT LIFE,https://www.ticketlink.co.kr/global/en/product/47422,https://www.ksponco.or.kr/olympicpark/galleryThumbView.es?bid=0043&list_no=7028,2023-12-06
B046-7024,2024 Park Eun-bin FAN CONCERT 〈Eunbin Note : DIVA〉,https://www.globalinterpark.com/product/23017276?prdNo=23017276&lang=en,https://www.ksponco.or.kr/olympicpark/galleryThumbView.es?bid=0043&list_no=7024,2023-12-04
B046-7013,2023 Melomance Concert 〈Roman’ce Town〉,http://ticket.yes24.com/Pages/English/Perf/FnPerfDeail.aspx?IdPerf=47669,https://www.ksponco.or.kr/olympicpark/galleryThumbView.es?bid=0043&list_no=7013,2023-11-24
B046-7012,2023 Lee Chan-won Concert,http://ticket.yes24.com/Pages/English/Perf/FnPerfDeail.aspx?IdPerf=47862,https://www.ksponco.or.kr/olympicpark/galleryThumbView.es?bid=0043&list_no=7012,2023-11-24
B046-7004,2023 J.Y. Park CONCERT 80s Night,https://www.globalinterpark.com/product/23016747?prdNo=23016747&lang=en,https://www.ksponco.or.kr/olympicpark/galleryThumbView.es?bid=0043&list_no=7004,2023-11-20
B046-6999,PSY ALL NIGHT STAND 2023,https://www.globalinterpark.com/product/23016343?prdNo=23016343&lang=en,https://www.ksponco.or.kr/olympicpark/galleryThumbView.es?bid=0043&list_no=6999,2023-11-16
B046-6602,2023 Sung Si Kyung Concert,https://www.globalinterpark.com/product/23016176?prdNo=23016176&lang=en,https://www.ksponco.or.kr/olympicpark/galleryThumbView.es?bid=0043&list_no=6602,2023-11-06
B046-6600,THE BOYZ 2ND WORLD TOUR : ZENERATION - ENCORE,http://ticket.yes24.com/Pages/English/Perf/FnPerfDeail.aspx?IdPerf=47586,https://www.ksponco.or.kr/olympicpark/galleryThumbView.es?bid=0043&list_no=6600,2023-11-01
B046-6582,2023 Kim Bum Soo Concert 〈Luxury goods BACK Open run〉,https://www.globalinterpark.com/product/23014952?prdNo=23014952&lang=en,https://www.ksponco.or.kr/olympicpark/galleryThumbView.es?bid=0043&list_no=6582,2023-10-25
B046-6581,EPIK HIGH 20th ANNIVERSARY CONCERT,https://tkglobal.melon.com/performance/index.htm?langCd=EN&prodId=208851,https://www.ksponco.or.kr/olympicpark/galleryThumbView.es?bid=0043&list_no=6581,2023-10-25
B046-6580,2023 BAEK Z YOUNG Tour Concert 〈BAEK SPACE〉,https://www.globalinterpark.com/product/23013281?prdNo=23013281&lang=en,https://www.ksponco.or.kr/olympicpark/galleryThumbView.es?bid=0043&list_no=6580,2023-10-25
B046-6579,GUMMY Tour Concert 2023 〈LOVE〉,https://www.globalinterpark.com/product/23014405?prdNo=23014405&lang=en,https://www.ksponco.or.kr/olympicpark/galleryThumbView.es?bid=0043&list_no=6579,2023-10-25
B046-6578,2023 TREASURE CONCERT ［REBOOT］,https://www.globalinterpark.com/product/23014702?prdNo=23014702&lang=en,https://www.ksponco.or.kr/olympicpark/galleryThumbView.es?bid=0043&list_no=6578,2023-10-25
B046-6577,2023 ROY KIM Concert 〈Roy Note〉,https://www.globalinterpark.com/product/23014851?prdNo=23014851&lang=en,https://www.ksponco.or.kr/olympicpark/galleryThumbView.es?bid=0043&list_no=6577,2023-10-25
B046-6576,Street Woman Fighter2 ［ON THE STAGE］ Tour - SEOUL,https://www.globalinterpark.com/product/23015137?prdNo=23015137&lang=en,https://www.ksponco.or.kr/olympicpark/galleryThumbView.es?bid=0043&list_no=6576,2023-10-24
B046-6575,"2023 Car, the garden Concert ［Harmony］",https://www.globalinterpark.com/product/23013906?prdNo=23013906&lang=en,https://www.ksponco.or.kr/olympicpark/galleryThumbView.es?bid=0043&list_no=6575,2023-10-24
B046-6574,NCT127 3ND TOUR ‘NEO CITY : SEOUL - THE UNITY’,http://ticket.yes24.com/Pages/English/Perf/FnPerfDeail.aspx?IdPerf=47356,https://www.ksponco.or.kr/olympicpark/galleryThumbView.es?bid=0043&list_no=6574,2023-10-24
B046-6573,2023 LUCIA (Sim Gyu-seon) CONCERT 〈The World Before Us〉,https://www.globalinterpark.com/product/23013646?prdNo=23013646&lang=ko,https://www.ksponco.or.kr/olympicpark/galleryThumbView.es?bid=0043&list_no=6573,2023-10-24
B046-6572,SE SO NEON 2023 LIVE IN SEOUL,https://www.globalinterpark.com/product/23013621?prdNo=23013621&lang=ko,https://www.ksponco.or.kr/olympicpark/galleryThumbView.es?bid=0043&list_no=6572,2023-10-24
B046-6571,2023 WOODZ World Tour ‘OO－LI and’ in Seoul,https://tkglobal.melon.com/performance/index.htm?langCd=EN&prodId=208729,https://www.ksponco.or.kr/olympicpark/galleryThumbView.es?bid=0043&list_no=6571,2023-10-24
B046-5888,TWICE WORLD TOUR TWICELIGHTS in Seoul ‘FINALE’,http://ticket.yes24.com/Pages/English/Perf/FnPerfDeail.aspx?IdPerf=35971,https://www.ksponco.or.kr/olympicpark/galleryThumbView.es?bid=0043&list_no=5888,2020-03-07
B046-5887,KIM SUNG KYU Solo Concert ‘SHINE ENCORE’,https://tkglobal.melon.com/performance/index.htm?langCd=EN&prodId=204911,https://www.ksponco.or.kr/olympicpark/galleryThumbView.es?bid=0043&list_no=5887,2020-02-07
B046-5886,2020 WJSN CONCERT 〈Obliviate〉,https://tkglobal.melon.com/performance/index.htm?langCd=EN&prodId=204810,https://www.ksponco.or.kr/olympicpark/galleryThumbView.es?bid=0043&list_no=5886,2020-02-22
B046-5885,2020 Apink 6th Concert 〈Welcome to PINK WORLD〉,https://tkglobal.melon.com/performance/index.htm?langCd=EN&prodId=204896,https://www.ksponco.or.kr/olympicpark/galleryThumbView.es?bid=0043&list_no=5885,2020-02-01
B046-5884,ATEEZ World Tour The Fellowship : Map The Treasure,http://ticket.yes24.com/Pages/English/Perf/FnPerfDeail.aspx?IdPerf=35786,https://www.ksponco.or.kr/olympicpark/galleryThumbView.es?bid=0043&list_no=5884,2020-02-08
B046-5883,VICTON 1ST CONCERT 〈NEW WORLD〉,https://tkglobal.melon.com/performance/index.htm?langCd=EN&prodId=204684,https://www.ksponco.or.kr/olympicpark/galleryThumbView.es?bid=0043&list_no=5883,2020-01-04
B046-5882,PARK JIHOON FANCON ASIA TOUR IN SEOUL［360］,https://tkglobal.melon.com/performance/index.htm?langCd=EN&prodId=204679,https://www.ksponco.or.kr/olympicpark/galleryThumbView.es?bid=0043&list_no=5882,2019-12-21
B046-5881,The 14th Seoul Jazz Festival 2020 Blind,https://www.globalinterpark.com/detail/edetail?prdNo=19018025&dispNo=undefined,https://www.ksponco.or.kr/olympicpark/galleryThumbView.es?bid=0043&list_no=5881,2020-10-03
B046-5880,2020 Khalid Live In Seoul,https://www.globalinterpark.com/detail/edetail?prdNo=19018297&dispNo=undefined,https://www.ksponco.or.kr/olympicpark/galleryThumbView.es?bid=0043&list_no=5880,2020-04-09
B046-5879,2020 Kim Jin Ho Concert ［The well of song］ Encore,https://www.globalinterpark.com/detail/edetail?prdNo=19017814&dispNo=undefined,https://www.ksponco.or.kr/olympicpark/galleryThumbView.es?bid=0043&list_no=5879,2020-02-27
B046-5878,CRUSH ON YOU : From Midnight To Sunrise,https://www.globalinterpark.com/detail/edetail?prdNo=19016291&dispNo=undefined,https://www.ksponco.or.kr/olympicpark/galleryThumbView.es?bid=0043&list_no=5878,2019-12-28
B046-5877,J.Y. PARK CONCERT NO.1 X 50 - SEOUL,https://www.globalinterpark.com/detail/edetail?prdNo=19017165&dispNo=undefined,https://www.ksponco.or.kr/olympicpark/galleryThumbView.es?bid=0043&list_no=5877,2019-12-28
B046-5876,2019 이진아 연말 공연 ‘진아의 방’,https://www.globalinterpark.com/detail/edetail?prdNo=19017224&dispNo=undefined,https://www.ksponco.or.kr/olympicpark/galleryThumbView.es?bid=0043&list_no=5876,2019-12-28
B046-5875,PEPPERTONES LIVE 2019 : CIRCLE,https://www.globalinterpark.com/detail/edetail?prdNo=19017016&dispNo=undefined,https://www.ksponco.or.kr/olympicpark/galleryThumbView.es?bid=0043&list_no=5875,2019-12-21
B046-5874,PSY ALLNIGHT STAND 2019,https://www.globalinterpark.com/detail/edetail?prdNo=19016749&dispNo=undefined,https://www.ksponco.or.kr/olympicpark/galleryThumbView.es?bid=0043&list_no=5874,2019-12-20
B046-5873,GOT7 2019 WORLD TOUR ‘KEEP SPINNING’ IN SEOUL,https://tkglobal.melon.com/performance/index.htm?langCd=EN&prodId=203567,https://www.ksponco.or.kr/olympicpark/galleryThumbView.es?bid=0043&list_no=5873,2019-06-15
B046-5872,2019 Jung Seung Hwan Concert ‘Dear，My Universe’,https://tkglobal.melon.com/performance/index.htm?langCd=EN&prodId=203487,https://www.ksponco.or.kr/olympicpark/galleryThumbView.es?bid=0043&list_no=5872,2019-06-22
B046-5871,Seoul Park Music Festival 2019,https://tkglobal.melon.com/performance/index.htm?langCd=EN&prodId=203475,https://www.ksponco.or.kr/olympicpark/galleryThumbView.es?bid=0043&list_no=5871,2019-06-15
B046-5870,2019 Ginie Music Festival VER．UNIVERSE,https://tkglobal.melon.com/performance/index.htm?langCd=EN&prodId=203217,https://www.ksponco.or.kr/olympicpark/galleryThumbView.es?bid=0043&list_no=5870,2019-06-01
B046-5869,2019 MONSTA X WORLD TOUR ‘WE ARE HERE’ IN SEOUL,https://tkglobal.melon.com/performance/index.htm?langCd=EN&prodId=203128,https://www.ksponco.or.kr/olympicpark/galleryThumbView.es?bid=0043&list_no=5869,2019-04-13
B046-5868,HA SUNG WOON 1st FANMEETING ‘My Moment’,https://www.globalinterpark.com/detail/edetail?prdNo=19002623&dispNo=undefined,https://www.ksponco.or.kr/olympicpark/galleryThumbView.es?bid=0043&list_no=5868,2019-05-08
B046-5867,Jung So Min 1st Fan Meeting［HAPPY SSOMDAY］,https://tkglobal.melon.com/performance/index.htm?langCd=EN&prodId=203028,https://www.ksponco.or.kr/olympicpark/galleryThumbView.es?bid=0043&list_no=5867,2019-03-09
B046-5866,PENTAGON OFFICIAL FAN CLUB UNIVERSE 2nd Fan Meeting（UNIONE）,https://tkglobal.melon.com/performance/index.htm?langCd=EN&prodId=203010,https://www.ksponco.or.kr/olympicpark/galleryThumbView.es?bid=0043&list_no=5866,2019-02-24
B046-5865,Noel Gallagher‘s High Flying Birds Live in Seoul,https://tkglobal.melon.com/performance/index.htm?langCd=EN&prodId=203038,https://www.ksponco.or.kr/olympicpark/galleryThumbView.es?bid=0043&list_no=5865,2019-05-19
B046-5864,JESSIE J 1ST LIVE IN SEOUL,https://tkglobal.melon.com/performance/index.htm?langCd=EN&prodId=203043,https://www.ksponco.or.kr/olympicpark/galleryThumbView.es?bid=0043&list_no=5864,2019-04-26
B046-5863,CHORONG BIRTHDAY FANMEETING：RONG TIME NO SEE！,https://tkglobal.melon.com/performance/index.htm?langCd=EN&prodId=203080,https://www.ksponco.or.kr/olympicpark/galleryThumbView.es?bid=0043&list_no=5863,2019-03-01
B046-5862,Beautiful Mint Life 2019,https://tkglobal.melon.com/performance/index.htm?langCd=EN&prodId=203078,https://www.ksponco.or.kr/olympicpark/galleryThumbView.es?bid=0043&list_no=5862,2019-05-11
B046-5861,god GREATEST 20th Anniversary [ PRESENT ],http://ticket.auction.co.kr/foreign/Perf/PerfDetail.aspx?Jenre=-1&CurPage=1&IdPerf=35920,https://www.ksponco.or.kr/olympicpark/galleryThumbView.es?bid=0043&list_no=5861,2019-01-13
B046-5860,LOOΠΔ Concert［LOOΠΔVERSE］,https://tkglobal.melon.com/performance/index.htm?langCd=EN&prodId=202880,https://www.ksponco.or.kr/olympicpark/galleryThumbView.es?bid=0043&list_no=5860,2019-02-16
B046-5859,THE BOYZ FAN－CON［THE CASTLE］,https://tkglobal.melon.com/performance/index.htm?langCd=EN&prodId=202870,https://www.ksponco.or.kr/olympicpark/galleryThumbView.es?bid=0043&list_no=5859,2019-01-26
B046-5858,The 13th Seoul Jazz Festival 2019 Blind,https://www.globalinterpark.com/detail/edetail?prdNo=18017977&dispNo=undefined,https://www.ksponco.or.kr/olympicpark/galleryThumbView.es?bid=0043&list_no=5858,2019-05-25
B046-5857,"The musical, [Jack the Ripper] 10th Anniversary Show",https://www.globalinterpark.com/detail/edetail?prdNo=18018366&dispNo=undefined,https://www.ksponco.or.kr/olympicpark/galleryThumbView.es?bid=0043&list_no=5857,2019-01-25
B046-5856,2018 Kim Bum-soo Concert [Luxury Goods BACK : SockThree] - Seoul,https://www.globalinterpark.com/detail/edetail?prdNo=18015111&dispNo=undefined,https://www.ksponco.or.kr/olympicpark/galleryThumbView.es?bid=0043&list_no=5856,2018-12-29
B046-5855,BRANDNEW YEAR 2018,https://www.globalinterpark.com/detail/edetail?prdNo=18015169&dispNo=undefined,https://www.ksponco.or.kr/olympicpark/galleryThumbView.es?bid=0043&list_no=5855,2018-11-02
B046-5854,2018 Fly to the Sky Concert,https://www.globalinterpark.com/detail/edetail?prdNo=18015332&dispNo=undefined,https://www.ksponco.or.kr/olympicpark/galleryThumbView.es?bid=0043&list_no=5854,2018-09-02
B046-5853,2018 Victor Korea Open Badminton - Final (non-reserved),https://www.globalinterpark.com/detail/edetail?prdNo=18011004&dispNo=undefined,https://www.ksponco.or.kr/olympicpark/galleryThumbView.es?bid=0043&list_no=5853,2018-09-01
B046-5852,2018 Grand Mint Festival,https://www.globalinterpark.com/detail/edetail?prdNo=18010073&dispNo=undefined,https://www.ksponco.or.kr/olympicpark/galleryThumbView.es?bid=0043&list_no=5852,2018-09-01
B046-5851,2018 JOYOLPARK FESTIVAL,https://www.globalinterpark.com/detail/edetail?prdNo=18008332&dispNo=undefined,https://www.ksponco.or.kr/olympicpark/galleryThumbView.es?bid=0043&list_no=5851,2018-08-01
